<?xml version="1.0" encoding="UTF-8"?>
<addon id="plugin.video.barstoolsports" version="1.0.0" name="Barstool Sports">
  <requires>
    <import addon="xbmc.python" version="2.1.0"/>
    <import addon="script.module.addon.common" version="2.0.0"/>
    <import addon="plugin.video.youtube" version="5.0.0"/>
  </requires>
  <extension point="xbmc.python.pluginsource" library="default.py">
    <provides>video</provides>
  </extension>
  <extension point="xbmc.addon.metadata">
    <summary>Content from Barstool Sports</summary>
    <description>This addon requires the Youtube addon</description>
    <platform>all</platform>
  </extension>
</addon>